1,00000000;0,00012071
2,00000000;0,00011659
3,00000000;0,00020796
4,00000000;0,00158964
5,00000000;0,00235127
6,00000000;0,00255562
7,00000000;0,00240533
8,00000000;0,00201254
9,00000000;0,00218396
10,00000000;0,00204084
11,00000000;0,00211963
12,00000000;0,00230853
13,00000000;0,00241304
14,00000000;0,00237289
15,00000000;0,00243878
16,00000000;0,00211034
17,00000000;0,00242335
18,00000000;0,00236259
19,00000000;0,00224061
20,00000000;0,00218242
21,00000000;0,00224574
22,00000000;0,00230338
23,00000000;0,00240533
24,00000000;0,00213608
25,00000000;0,00226891
26,00000000;0,00221330
27,00000000;0,00222257
28,00000000;0,00229825
29,00000000;0,00251344
30,00000000;0,00224162
31,00000000;0,00221743
32,00000000;0,00235229
33,00000000;0,00250315
34,00000000;0,00246555
35,00000000;0,00261896
36,00000000;0,00234456
37,00000000;0,00237958
38,00000000;0,00253504
39,00000000;0,00323671
40,00000000;0,00300349
41,00000000;0,00235899
42,00000000;0,00234199
43,00000000;0,00228436
44,00000000;0,00224162
45,00000000;0,00244394
46,00000000;0,00274096
47,00000000;0,00275281
48,00000000;0,00220042
49,00000000;0,00227405
50,00000000;0,00209490
51,00000000;0,00226118
52,00000000;0,00231625
53,00000000;0,00240276
54,00000000;0,00217469
55,00000000;0,00219683
56,00000000;0,00219527
57,00000000;0,00237959
58,00000000;0,00252987
59,00000000;0,00249283
60,00000000;0,00229825
61,00000000;0,00251858
62,00000000;0,00230081
63,00000000;0,00227663
64,00000000;0,00232656
65,00000000;0,00243365
66,00000000;0,00221330
67,00000000;0,00228950
68,00000000;0,00265086
69,00000000;0,00273222
70,00000000;0,00241921
71,00000000;0,00255204
72,00000000;0,00217984
73,00000000;0,00244394
74,00000000;0,00245268
75,00000000;0,00324959
76,00000000;0,00321970
77,00000000;0,00239760
78,00000000;0,00243722
79,00000000;0,00257777
80,00000000;0,00227507
81,00000000;0,00227664
82,00000000;0,00243723
83,00000000;0,00255978
84,00000000;0,00291343
85,00000000;0,00304110
86,00000000;0,00246555
87,00000000;0,00244652
88,00000000;0,00223903
89,00000000;0,00243879
90,00000000;0,00220557
91,00000000;0,00220198
92,00000000;0,00227250
93,00000000;0,00239761
94,00000000;0,00223391
95,00000000;0,00240790
96,00000000;0,00241663
97,00000000;0,00247997
98,00000000;0,00236772
99,00000000;0,00236157
100,00000000;0,00241663
101,00000000;0,00288150
102,00000000;0,00539724
103,00000000;0,00540654
104,00000000;0,00234456
105,00000000;0,00235900
106,00000000;0,00225963
107,00000000;0,00231781
108,00000000;0,00243208
109,00000000;0,00247482
110,00000000;0,00220043
111,00000000;0,00231009
112,00000000;0,00223388
113,00000000;0,00229207
114,00000000;0,00214122
115,00000000;0,00233068
116,00000000;0,00290826
117,00000000;0,00342976
118,00000000;0,00278728
119,00000000;0,00235898
120,00000000;0,00214379
121,00000000;0,00236157
122,00000000;0,00232398
123,00000000;0,00231267
124,00000000;0,00217212
125,00000000;0,00237700
126,00000000;0,00244752
127,00000000;0,00259065
128,00000000;0,00239863
129,00000000;0,00231782
130,00000000;0,00223389
131,00000000;0,00240275
132,00000000;0,00247068
133,00000000;0,00248769
134,00000000;0,00221845
135,00000000;0,00229980
136,00000000;0,00251444
137,00000000;0,00270390
138,00000000;0,00342046
139,00000000;0,00453654
140,00000000;0,00350539
141,00000000;0,00248768
142,00000000;0,00230852
143,00000000;0,00229464
144,00000000;0,00223130
145,00000000;0,00233067
146,00000000;0,00224674
147,00000000;0,00231781
148,00000000;0,00228536
149,00000000;0,00234613
150,00000000;0,00219014
151,00000000;0,00236672
152,00000000;0,00235487
153,00000000;0,00232297
154,00000000;0,00227765
155,00000000;0,00239760
156,00000000;0,00230595
157,00000000;0,00237444
158,00000000;0,00219270
159,00000000;0,00232297
160,00000000;0,00222875
161,00000000;0,00238989
162,00000000;0,00243464
163,00000000;0,00257005
164,00000000;0,00243723
165,00000000;0,00234870
166,00000000;0,00226735
167,00000000;0,00247742
168,00000000;0,00246042
169,00000000;0,00240277
170,00000000;0,00216441
171,00000000;0,00237444
172,00000000;0,00241148
173,00000000;0,00253144
174,00000000;0,00252731
175,00000000;0,00254176
176,00000000;0,00228281
177,00000000;0,00239504
178,00000000;0,00249643
179,00000000;0,00261896
180,00000000;0,00241664
181,00000000;0,00243880
182,00000000;0,00227510
183,00000000;0,00229723
184,00000000;0,00241663
185,00000000;0,00258034
186,00000000;0,00234712
187,00000000;0,00240016
188,00000000;0,00304210
189,00000000;0,00320839
190,00000000;0,00243464
191,00000000;0,00238988
192,00000000;0,00220375
193,00000000;0,00241047
194,00000000;0,00256334
195,00000000;0,00257004
196,00000000;0,00233426
197,00000000;0,00244650
198,00000000;0,00221072
199,00000000;0,00241820
200,00000000;0,00252216
201,00000000;0,00263183
202,00000000;0,00341276
203,00000000;0,00343747
204,00000000;0,00251443
205,00000000;0,00251086
206,00000000;0,00227251
207,00000000;0,00243622
208,00000000;0,00236515
209,00000000;0,00246452
210,00000000;0,00250929
211,00000000;0,00278369
212,00000000;0,00246555
213,00000000;0,00243622
214,00000000;0,00262513
215,00000000;0,00270906
216,00000000;0,00248356
217,00000000;0,00247995
218,00000000;0,00238831
219,00000000;0,00254432
220,00000000;0,00242437
221,00000000;0,00256233
222,00000000;0,00233941
223,00000000;0,00243105
224,00000000;0,00245009
225,00000000;0,00270133
226,00000000;0,00408454
227,00000000;0,00415818
228,00000000;0,00235744
229,00000000;0,00282488
230,00000000;0,00269719
231,00000000;0,00237444
232,00000000;0,00230337
233,00000000;0,00234612
234,00000000;0,00227251
235,00000000;0,00236158
236,00000000;0,00228021
237,00000000;0,00238216
238,00000000;0,00230080
239,00000000;0,00236156
240,00000000;0,00251186
241,00000000;0,00264728
242,00000000;0,00261740
243,00000000;0,00276052
244,00000000;0,00244237
245,00000000;0,00240790
246,00000000;0,00288768
247,00000000;0,00300249
248,00000000;0,00241922
249,00000000;0,00255205
250,00000000;0,00309873
251,00000000;0,00321870
252,00000000;0,00239090
253,00000000;0,00246968
254,00000000;0,00222358
255,00000000;0,00244135
256,00000000;0,00256592
257,00000000;0,00258549
258,00000000;0,00235229
259,00000000;0,00230752
260,00000000;0,00223904
261,00000000;0,00249027
262,00000000;0,00239604
263,00000000;0,00245165
264,00000000;0,00252475
265,00000000;0,00271421
266,00000000;0,00382715
267,00000000;0,00416591
268,00000000;0,00466367
269,00000000;0,00461634
270,00000000;0,00225191
271,00000000;0,00245166
272,00000000;0,00267660
273,00000000;0,00258807
274,00000000;0,00217727
275,00000000;0,00231524
276,00000000;0,00242950
277,00000000;0,00254689
278,00000000;0,00236001
279,00000000;0,00246711
280,00000000;0,00270235
281,00000000;0,00293813
282,00000000;0,00274610
283,00000000;0,00278628
284,00000000;0,00252989
285,00000000;0,00243879
286,00000000;0,00228537
287,00000000;0,00245166
288,00000000;0,00239605
289,00000000;0,00248769
290,00000000;0,00300092
291,00000000;0,00391880
292,00000000;0,00338958
293,00000000;0,00248769
294,00000000;0,00220816
295,00000000;0,00236929
296,00000000;0,00261740
297,00000000;0,00282488
298,00000000;0,00259167
299,00000000;0,00251086
300,00000000;0,00228536
301,00000000;0,00245937
302,00000000;0,00262256
303,00000000;0,00261639
304,00000000;0,00269205
305,00000000;0,00279143
306,00000000;0,00224678
307,00000000;0,00238217
308,00000000;0,00268432
309,00000000;0,00289953
310,00000000;0,00279244
311,00000000;0,00279656
312,00000000;0,00263798
313,00000000;0,00265499
314,00000000;0,00232912
315,00000000;0,00252115
316,00000000;0,00255306
317,00000000;0,00249285
318,00000000;0,00225705
319,00000000;0,00238214
320,00000000;0,00242692
321,00000000;0,00264985
322,00000000;0,00295459
323,00000000;0,00313890
324,00000000;0,00261484
325,00000000;0,00254947
326,00000000;0,00220301
327,00000000;0,00244137
328,00000000;0,00241921
329,00000000;0,00233326
330,00000000;0,00219529
331,00000000;0,00227406
332,00000000;0,00220043
333,00000000;0,00238732
334,00000000;0,00245525
335,00000000;0,00268590
336,00000000;0,00275383
337,00000000;0,00275280
338,00000000;0,00236772
339,00000000;0,00242334
340,00000000;0,00250673
341,00000000;0,00261640
342,00000000;0,00266631
343,00000000;0,00291240
344,00000000;0,00351828
345,00000000;0,00355846
346,00000000;0,00243465
347,00000000;0,00239760
348,00000000;0,00228021
349,00000000;0,00243621
350,00000000;0,00237287
351,00000000;0,00228949
352,00000000;0,00220299
353,00000000;0,00246967
354,00000000;0,00240891
355,00000000;0,00238730
356,00000000;0,00249901
357,00000000;0,00266273
358,00000000;0,00248356
359,00000000;0,00258808
360,00000000;0,00254790
361,00000000;0,00280687
362,00000000;0,00272809
363,00000000;0,00283003
364,00000000;0,00259424
365,00000000;0,00247482
366,00000000;0,00245268
367,00000000;0,00250829
368,00000000;0,00245525
369,00000000;0,00255976
370,00000000;0,00243209
371,00000000;0,00258809
372,00000000;0,00272035
373,00000000;0,00270905
374,00000000;0,00242178
375,00000000;0,00254174
376,00000000;0,00276155
377,00000000;0,00279657
378,00000000;0,00244237
379,00000000;0,00254174
380,00000000;0,00241921
381,00000000;0,00238730
382,00000000;0,00233426
383,00000000;0,00242332
384,00000000;0,00276924
385,00000000;0,00294329
386,00000000;0,00237547
387,00000000;0,00234355
388,00000000;0,00225449
389,00000000;0,00242849
390,00000000;0,00232913
391,00000000;0,00231523
392,00000000;0,00225704
393,00000000;0,00244651
394,00000000;0,00237031
395,00000000;0,00262926
396,00000000;0,00311675
397,00000000;0,00312089
398,00000000;0,00257364
399,00000000;0,00258551
400,00000000;0,00240635
401,00000000;0,00251601
402,00000000;0,00253247
403,00000000;0,00258550
404,00000000;0,00248871
405,00000000;0,00257521
406,00000000;0,00271778
407,00000000;0,00286864
408,00000000;0,00266116
409,00000000;0,00270133
410,00000000;0,00240120
411,00000000;0,00253403
412,00000000;0,00245524
413,00000000;0,00254431
414,00000000;0,00247584
415,00000000;0,00245166
416,00000000;0,00249900
417,00000000;0,00268331
418,00000000;0,00246554
419,00000000;0,00252630
420,00000000;0,00255048
421,00000000;0,00252632
422,00000000;0,00228795
423,00000000;0,00235127
424,00000000;0,00233940
425,00000000;0,00251083
426,00000000;0,00266630
427,00000000;0,00283775
428,00000000;0,00266116
429,00000000;0,00270133
430,00000000;0,00237544
431,00000000;0,00239759
432,00000000;0,00255819
433,00000000;0,00279657
434,00000000;0,00257107
435,00000000;0,00371287
436,00000000;0,00428532
437,00000000;0,00318268
438,00000000;0,00257881
439,00000000;0,00278113
440,00000000;0,00259939
441,00000000;0,00253917
442,00000000;0,00250929
443,00000000;0,00270390
444,00000000;0,00265086
445,00000000;0,00312861
446,00000000;0,00322743
447,00000000;0,00292269
448,00000000;0,00251959
449,00000000;0,00244651
450,00000000;0,00256593
451,00000000;0,00276826
452,00000000;0,00268690
453,00000000;0,00262926
454,00000000;0,00239863
455,00000000;0,00251344
456,00000000;0,00262000
457,00000000;0,00271935
458,00000000;0,00234198
459,00000000;0,00255976
460,00000000;0,00280531
461,00000000;0,00298963
462,00000000;0,00263284
463,00000000;0,00253661
464,00000000;0,00238061
465,00000000;0,00249542
466,00000000;0,00244751
467,00000000;0,00259836
468,00000000;0,00291599
469,00000000;0,00293299
470,00000000;0,00238575
471,00000000;0,00270906
472,00000000;0,00495968
473,00000000;0,00511568
474,00000000;0,00261225
475,00000000;0,00272707
476,00000000;0,00238318
477,00000000;0,00236929
478,00000000;0,00264057
479,00000000;0,00285835
480,00000000;0,00340245
481,00000000;0,00347608
482,00000000;0,00249386
483,00000000;0,00251859
484,00000000;0,00259682
485,00000000;0,00255977
486,00000000;0,00231883
487,00000000;0,00246195
488,00000000;0,00252732
489,00000000;0,00265759
490,00000000;0,00249643
491,00000000;0,00288923
492,00000000;0,00350029
493,00000000;0,00348896
494,00000000;0,00272035
495,00000000;0,00264214
496,00000000;0,00251961
497,00000000;0,00271421
498,00000000;0,00260196
499,00000000;0,00258550
500,00000000;0,00248357
501,00000000;0,00261896
502,00000000;0,00261739
503,00000000;0,00261638
504,00000000;0,00250414
505,00000000;0,00258292
506,00000000;0,00245267
507,00000000;0,00258808
508,00000000;0,00264573
509,00000000;0,00380041
510,00000000;0,00364182
511,00000000;0,00255461
512,00000000;0,00236258
513,00000000;0,00243106
514,00000000;0,00239605
515,00000000;0,00252886
516,00000000;0,00256333
517,00000000;0,00263955
518,00000000;0,00235488
519,00000000;0,00248255
520,00000000;0,00253246
521,00000000;0,00268847
522,00000000;0,00253248
523,00000000;0,00261125
524,00000000;0,00345136
525,00000000;0,00362282
526,00000000;0,00267146
527,00000000;0,00270905
528,00000000;0,00244495
529,00000000;0,00250571
530,00000000;0,00242436
531,00000000;0,00246968
532,00000000;0,00239863
533,00000000;0,00251086
534,00000000;0,00246039
535,00000000;0,00251086
536,00000000;0,00253504
537,00000000;0,00262154
538,00000000;0,00270235
539,00000000;0,00283775
540,00000000;0,00340502
541,00000000;0,00365370
542,00000000;0,00269462
543,00000000;0,00266529
544,00000000;0,00263026
545,00000000;0,00278885
546,00000000;0,00260197
547,00000000;0,00279143
548,00000000;0,00263028
549,00000000;0,00267302
550,00000000;0,00250928
551,00000000;0,00242333
552,00000000;0,00248356
553,00000000;0,00261382
554,00000000;0,00250416
555,00000000;0,00265502
556,00000000;0,00245011
557,00000000;0,00243622
558,00000000;0,00252989
559,00000000;0,00264212
560,00000000;0,00239346
561,00000000;0,00251857
562,00000000;0,00258909
563,00000000;0,00267818
564,00000000;0,00242437
565,00000000;0,00243623
566,00000000;0,00245268
567,00000000;0,00283775
568,00000000;0,00347710
569,00000000;0,00344777
570,00000000;0,00269720
571,00000000;0,00301536
572,00000000;0,00291084
573,00000000;0,00299991
574,00000000;0,00281302
575,00000000;0,00251601
576,00000000;0,00236259
577,00000000;0,00251343
578,00000000;0,00255307
579,00000000;0,00263185
580,00000000;0,00252218
581,00000000;0,00263698
582,00000000;0,00245524
583,00000000;0,00278627
584,00000000;0,00276926
585,00000000;0,00256490
586,00000000;0,00235486
587,00000000;0,00236415
588,00000000;0,00243981
589,00000000;0,00262926
590,00000000;0,00245781
591,00000000;0,00253146
592,00000000;0,00247071
593,00000000;0,00259324
594,00000000;0,00283361
595,00000000;0,00301535
596,00000000;0,00302924
597,00000000;0,00306942
598,00000000;0,00242180
599,00000000;0,00248770
600,00000000;0,00254019
601,00000000;0,00277084
602,00000000;0,00334583
603,00000000;0,00345808
604,00000000;0,00259938
605,00000000;0,00268588
606,00000000;0,00247583
607,00000000;0,00254175
608,00000000;0,00251703
609,00000000;0,00253919
610,00000000;0,00260454
611,00000000;0,00368200
612,00000000;0,00350027
613,00000000;0,00254433
614,00000000;0,00291599
615,00000000;0,00353015
616,00000000;0,00298548
617,00000000;0,00253403
618,00000000;0,00265602
619,00000000;0,00312860
620,00000000;0,00313733
621,00000000;0,00282230
622,00000000;0,00236001
623,00000000;0,00239247
624,00000000;0,00245526
625,00000000;0,00268847
626,00000000;0,00252731
627,00000000;0,00236414
628,00000000;0,00232398
629,00000000;0,00247741
630,00000000;0,00261226
631,00000000;0,00271936
632,00000000;0,00241407
633,00000000;0,00267302
634,00000000;0,00256849
635,00000000;0,00243107
636,00000000;0,00243980
637,00000000;0,00301021
638,00000000;0,00296233
639,00000000;0,00307457
640,00000000;0,00324803
641,00000000;0,00284548
642,00000000;0,00241664
643,00000000;0,00252887
644,00000000;0,00270748
645,00000000;0,00277340
646,00000000;0,00257365
647,00000000;0,00263440
648,00000000;0,00258652
649,00000000;0,00262926
650,00000000;0,00233683
651,00000000;0,00247994
652,00000000;0,00257621
653,00000000;0,00279143
654,00000000;0,00264058
655,00000000;0,00253145
656,00000000;0,00249127
657,00000000;0,00382614
658,00000000;0,00391725
659,00000000;0,00286865
660,00000000;0,00265602
661,00000000;0,00252374
662,00000000;0,00247327
663,00000000;0,00259837
664,00000000;0,00254534
665,00000000;0,00261381
666,00000000;0,00237029
667,00000000;0,00248255
668,00000000;0,00257622
669,00000000;0,00277855
670,00000000;0,00260453
671,00000000;0,00261380
672,00000000;0,00242176
673,00000000;0,00261639
674,00000000;0,00257108
675,00000000;0,00249285
676,00000000;0,00242436
677,00000000;0,00250057
678,00000000;0,00239348
679,00000000;0,00250829
680,00000000;0,00232912
681,00000000;0,00241047
682,00000000;0,00240892
683,00000000;0,00255204
684,00000000;0,00250414
685,00000000;0,00243363
686,00000000;0,00248871
687,00000000;0,00265757
688,00000000;0,00269976
689,00000000;0,00281714
690,00000000;0,00234456
691,00000000;0,00249026
692,00000000;0,00260968
693,00000000;0,00261895
694,00000000;0,00233941
695,00000000;0,00245424
696,00000000;0,00240119
697,00000000;0,00271420
698,00000000;0,00253762
699,00000000;0,00227921
700,00000000;0,00245267
701,00000000;0,00259064
702,00000000;0,00257879
703,00000000;0,00262926
704,00000000;0,00270492
705,00000000;0,00281717
706,00000000;0,00236516
707,00000000;0,00246967
708,00000000;0,00239090
709,00000000;0,00243622
710,00000000;0,00241407
711,00000000;0,00264215
712,00000000;0,00291600
713,00000000;0,00296645
714,00000000;0,00263800
715,00000000;0,00264471
716,00000000;0,00225191
717,00000000;0,00247998
718,00000000;0,00256078
719,00000000;0,00254175
720,00000000;0,00242179
721,00000000;0,00253145
722,00000000;0,00241407
723,00000000;0,00254948
724,00000000;0,00237804
725,00000000;0,00231524
726,00000000;0,00216953
727,00000000;0,00233070
728,00000000;0,00231370
729,00000000;0,00255977
730,00000000;0,00296746
731,00000000;0,00307713
732,00000000;0,00270235
733,00000000;0,00268332
734,00000000;0,00231367
735,00000000;0,00229720
736,00000000;0,00226477
737,00000000;0,00242850
738,00000000;0,00251959
739,00000000;0,00259065
740,00000000;0,00245267
741,00000000;0,00255461
742,00000000;0,00243981
743,00000000;0,00244393
744,00000000;0,00233942
745,00000000;0,00249026
746,00000000;0,00224675
747,00000000;0,00251600
748,00000000;0,00379112
749,00000000;0,00383644
750,00000000;0,00269719
751,00000000;0,00306682
752,00000000;0,00285420
753,00000000;0,00267815
754,00000000;0,00229307
755,00000000;0,00233583
756,00000000;0,00221072
757,00000000;0,00249799
758,00000000;0,00274352
759,00000000;0,00272705
760,00000000;0,00233683
761,00000000;0,00337314
762,00000000;0,00337930
763,00000000;0,00239505
764,00000000;0,00221331
765,00000000;0,00243879
766,00000000;0,00252473
767,00000000;0,00251857
768,00000000;0,00241406
769,00000000;0,00250571
770,00000000;0,00227506
771,00000000;0,00243879
772,00000000;0,00248356
773,00000000;0,00238987
774,00000000;0,00223904
775,00000000;0,00239762
776,00000000;0,00233687
777,00000000;0,00246196
778,00000000;0,00260452
779,00000000;0,00262924
780,00000000;0,00246038
781,00000000;0,00255976
782,00000000;0,00232654
783,00000000;0,00232810
784,00000000;0,00230080
785,00000000;0,00280944
786,00000000;0,00284649
787,00000000;0,00253403
788,00000000;0,00248356
789,00000000;0,00266529
790,00000000;0,00233427
791,00000000;0,00237187
792,00000000;0,00244495
793,00000000;0,00253916
794,00000000;0,00250670
795,00000000;0,00310800
796,00000000;0,00295717
797,00000000;0,00254431
798,00000000;0,00240890
799,00000000;0,00242077
800,00000000;0,00244496
801,00000000;0,00319039
802,00000000;0,00521452
803,00000000;0,00490980
804,00000000;0,00261484
805,00000000;0,00255206
806,00000000;0,00255565
807,00000000;0,00268075
808,00000000;0,00251445
809,00000000;0,00256233
810,00000000;0,00240632
811,00000000;0,00318265
812,00000000;0,00318367
813,00000000;0,00246453
814,00000000;0,00242951
815,00000000;0,00248512
816,00000000;0,00266889
817,00000000;0,00282230
818,00000000;0,00262255
819,00000000;0,00285834
820,00000000;0,00288767
821,00000000;0,00284032
822,00000000;0,00236773
823,00000000;0,00261896
824,00000000;0,00249642
825,00000000;0,00247739
826,00000000;0,00242179
827,00000000;0,00290983
828,00000000;0,00294430
829,00000000;0,00253659
830,00000000;0,00276153
831,00000000;0,00281715
832,00000000;0,00235230
833,00000000;0,00246710
834,00000000;0,00227249
835,00000000;0,00251343
836,00000000;0,00235229
837,00000000;0,00231524
838,00000000;0,00268691
839,00000000;0,00437698
840,00000000;0,00405109
841,00000000;0,00229722
842,00000000;0,00231625
843,00000000;0,00280943
844,00000000;0,00459933
845,00000000;0,00454170
846,00000000;0,00246038
847,00000000;0,00250571
848,00000000;0,00240634
849,00000000;0,00300505
850,00000000;0,00376794
851,00000000;0,00346837
852,00000000;0,00252733
853,00000000;0,00268589
854,00000000;0,00236259
855,00000000;0,00226636
856,00000000;0,00223646
857,00000000;0,00249541
858,00000000;0,00269977
859,00000000;0,00270906
860,00000000;0,00240121
861,00000000;0,00250829
862,00000000;0,00243723
863,00000000;0,00263441
864,00000000;0,00290311
865,00000000;0,00284289
866,00000000;0,00238059
867,00000000;0,00245680
868,00000000;0,00246554
869,00000000;0,00254947
870,00000000;0,00227249
871,00000000;0,00234356
872,00000000;0,00234714
873,00000000;0,00241048
874,00000000;0,00234714
875,00000000;0,00247739
876,00000000;0,00242434
877,00000000;0,00258293
878,00000000;0,00235486
879,00000000;0,00229465
880,00000000;0,00259680
881,00000000;0,00292526
882,00000000;0,00254020
883,00000000;0,00248514
884,00000000;0,00237030
885,00000000;0,00235642
886,00000000;0,00232140
887,00000000;0,00254433
888,00000000;0,00351572
889,00000000;0,00375151
890,00000000;0,00262513
891,00000000;0,00243621
892,00000000;0,00259681
893,00000000;0,00264727
894,00000000;0,00226735
895,00000000;0,00240532
896,00000000;0,00227763
897,00000000;0,00234096
898,00000000;0,00230851
899,00000000;0,00243621
900,00000000;0,00238061
901,00000000;0,00246196
902,00000000;0,00245267
903,00000000;0,00245680
904,00000000;0,00228537
905,00000000;0,00242849
906,00000000;0,00229822
907,00000000;0,00240018
908,00000000;0,00239605
909,00000000;0,00357390
910,00000000;0,00353373
911,00000000;0,00236157
912,00000000;0,00239348
913,00000000;0,00252889
914,00000000;0,00233684
915,00000000;0,00238217
916,00000000;0,00226737
917,00000000;0,00236416
918,00000000;0,00233684
919,00000000;0,00234613
920,00000000;0,00237546
921,00000000;0,00260610
922,00000000;0,00254277
923,00000000;0,00266786
924,00000000;0,00261739
925,00000000;0,00258292
926,00000000;0,00228535
927,00000000;0,00242078
928,00000000;0,00231370
929,00000000;0,00251344
930,00000000;0,00250930
931,00000000;0,00251602
932,00000000;0,00266375
933,00000000;0,00263442
934,00000000;0,00257108
935,00000000;0,00323929
936,00000000;0,00308587
937,00000000;0,00262412
938,00000000;0,00246297
939,00000000;0,00254175
940,00000000;0,00251702
941,00000000;0,00262927
942,00000000;0,00236774
943,00000000;0,00238216
944,00000000;0,00241920
945,00000000;0,00259837
946,00000000;0,00267919
947,00000000;0,00366916
948,00000000;0,00341791
949,00000000;0,00264471
950,00000000;0,00250931
951,00000000;0,00235386
952,00000000;0,00233170
953,00000000;0,00266529
954,00000000;0,00284649
955,00000000;0,00280172
956,00000000;0,00243467
957,00000000;0,00237960
958,00000000;0,00237803
959,00000000;0,00245166
960,00000000;0,00246812
961,00000000;0,00304882
962,00000000;0,00281045
963,00000000;0,00240533
964,00000000;0,00256077
965,00000000;0,00322899
966,00000000;0,00296488
967,00000000;0,00239760
968,00000000;0,00239347
969,00000000;0,00244652
970,00000000;0,00226993
971,00000000;0,00226117
972,00000000;0,00220814
973,00000000;0,00245423
974,00000000;0,00365469
975,00000000;0,00384672
976,00000000;0,00281044
977,00000000;0,00291240
978,00000000;0,00251961
979,00000000;0,00252115
980,00000000;0,00226733
981,00000000;0,00273478
982,00000000;0,00321970
983,00000000;0,00299476
984,00000000;0,00292370
985,00000000;0,00306168
986,00000000;0,00233942
987,00000000;0,00266016
988,00000000;0,00287481
989,00000000;0,00265501
990,00000000;0,00232912
991,00000000;0,00246709
992,00000000;0,00225704
993,00000000;0,00257006
994,00000000;0,00397128
995,00000000;0,00386218
996,00000000;0,00224162
997,00000000;0,00232554
998,00000000;0,00237545
999,00000000;0,00255204
1000,00000000;0,00235487
1001,00000000;0,00243107
1002,00000000;0,00232141
1003,00000000;0,00240792
1004,00000000;0,00251188
1005,00000000;0,00289180
1006,00000000;0,00264572
1007,00000000;0,00240792
1008,00000000;0,00224163
1009,00000000;0,00236159
1010,00000000;0,00228279
1011,00000000;0,00237957
1012,00000000;0,00261997
1013,00000000;0,00282230
1014,00000000;0,00247326
1015,00000000;0,00296902
1016,00000000;0,00316824
1017,00000000;0,00271936
1018,00000000;0,00248100
1019,00000000;0,00251601
1020,00000000;0,00226219
1021,00000000;0,00237444
1022,00000000;0,00236774
1023,00000000;0,00240275
1024,00000000;0,00252731
1025,00000000;0,00290983
1026,00000000;0,00287995
1027,00000000;0,00277596
1028,00000000;0,00237288
1029,00000000;0,00238474
1030,00000000;0,00259939
1031,00000000;0,00264214
1032,00000000;0,00235229
1033,00000000;0,00244908
1034,00000000;0,00226476
1035,00000000;0,00239759
1036,00000000;0,00266887
1037,00000000;0,00299991
1038,00000000;0,00273065
1039,00000000;0,00255203
1040,00000000;0,00241921
1041,00000000;0,00261897
1042,00000000;0,00248098
1043,00000000;0,00242848
1044,00000000;0,00225704
1045,00000000;0,00236672
1046,00000000;0,00225706
1047,00000000;0,00231009
1048,00000000;0,00224161
1049,00000000;0,00244135
1050,00000000;0,00268947
1051,00000000;0,00351726
1052,00000000;0,00393009
1053,00000000;0,00313889
1054,00000000;0,00223646
1055,00000000;0,00234871
1056,00000000;0,00230596
1057,00000000;0,00231267
1058,00000000;0,00230081
1059,00000000;0,00263954
1060,00000000;0,00255562
1061,00000000;0,00241819
1062,00000000;0,00251703
1063,00000000;0,00261897
1064,00000000;0,00228278
1065,00000000;0,00240274
1066,00000000;0,00243209
1067,00000000;0,00247997
1068,00000000;0,00266373
1069,00000000;0,00278626
1070,00000000;0,00233426
1071,00000000;0,00224317
1072,00000000;0,00235486
1073,00000000;0,00255975
1074,00000000;0,00246552
1075,00000000;0,00246453
1076,00000000;0,00233685
1077,00000000;0,00291240
1078,00000000;0,00311418
1079,00000000;0,00450052
1080,00000000;0,00445520
1081,00000000;0,00266531
1082,00000000;0,00235228
1083,00000000;0,00225861
1084,00000000;0,00220816
1085,00000000;0,00241563
1086,00000000;0,00246812
1087,00000000;0,00263440
1088,00000000;0,00313990
1089,00000000;0,00318009
1090,00000000;0,00226478
1091,00000000;0,00228177
1092,00000000;0,00256079
1093,00000000;0,00269619
1094,00000000;0,00232912
1095,00000000;0,00242591
1096,00000000;0,00237547
1097,00000000;0,00248256
1098,00000000;0,00247327
1099,00000000;0,00253660
1100,00000000;0,00240119
1101,00000000;0,00231524
1102,00000000;0,00221845
1103,00000000;0,00244393
1104,00000000;0,00261739
1105,00000000;0,00264469
1106,00000000;0,00223903
1107,00000000;0,00239503
1108,00000000;0,00225963
1109,00000000;0,00238217
1110,00000000;0,00271264
1111,00000000;0,00276827
1112,00000000;0,00234973
1113,00000000;0,00242592
1114,00000000;0,00252732
1115,00000000;0,00258551
1116,00000000;0,00245267
1117,00000000;0,00280945
1118,00000000;0,00254277
1119,00000000;0,00231009
1120,00000000;0,00241406
1121,00000000;0,00242076
1122,00000000;0,00216696
1123,00000000;0,00238474
1124,00000000;0,00253761
1125,00000000;0,00260094
1126,00000000;0,00278470
1127,00000000;0,00295101
1128,00000000;0,00272809
1129,00000000;0,00292527
1130,00000000;0,00257623
1131,00000000;0,00234356
1132,00000000;0,00215669
1133,00000000;0,00233326
1134,00000000;0,00245267
1135,00000000;0,00252887
1136,00000000;0,00253246
1137,00000000;0,00273479
1138,00000000;0,00245266
1139,00000000;0,00247223
1140,00000000;0,00225704
1141,00000000;0,00229465
1142,00000000;0,00235744
1143,00000000;0,00238216
1144,00000000;0,00216440
1145,00000000;0,00230238
1146,00000000;0,00233942
1147,00000000;0,00251600
1148,00000000;0,00251187
1149,00000000;0,00263183
1150,00000000;0,00237032
1151,00000000;0,00235386
1152,00000000;0,00240120
1153,00000000;0,00255977
1154,00000000;0,00236002
1155,00000000;0,00231009
1156,00000000;0,00223131
1157,00000000;0,00234869
1158,00000000;0,00227248
1159,00000000;0,00235385
1160,00000000;0,00221845
1161,00000000;0,00240791
1162,00000000;0,00240120
1163,00000000;0,00241562
1164,00000000;0,00254275
1165,00000000;0,00253402
1166,00000000;0,00213095
1167,00000000;0,00225090
1168,00000000;0,00233942
1169,00000000;0,00241820
1170,00000000;0,00218499
1171,00000000;0,00231783
1172,00000000;0,00224419
1173,00000000;0,00233582
1174,00000000;0,00220042
1175,00000000;0,00241562
1176,00000000;0,00248871
1177,00000000;0,00241563
1178,00000000;0,00231883
1179,00000000;0,00247482
1180,00000000;0,00267145
1181,00000000;0,00264471
1182,00000000;0,00209490
1183,00000000;0,00227406
1184,00000000;0,00230853
1185,00000000;0,00236672
1186,00000000;0,00239864
1187,00000000;0,00264729
1188,00000000;0,00237030
1189,00000000;0,00231780
1190,00000000;0,00248871
1191,00000000;0,00255463
1192,00000000;0,00247326
1193,00000000;0,00274765
1194,00000000;0,00270749
1195,00000000;0,00254947
1196,00000000;0,00231111
1197,00000000;0,00251086
1198,00000000;0,00229309
1199,00000000;0,00235642
1200,00000000;0,00228793
1201,00000000;0,00233066
1202,00000000;0,00226735
1203,00000000;0,00243623
1204,00000000;0,00259939
1205,00000000;0,00262412
1206,00000000;0,00238317
1207,00000000;0,00248253
1208,00000000;0,00245009
1209,00000000;0,00275281
1210,00000000;0,00316308
1211,00000000;0,00332937
1212,00000000;0,00264314
1213,00000000;0,00261640
1214,00000000;0,00270750
1215,00000000;0,00262154
1216,00000000;0,00224417
1217,00000000;0,00238988
1218,00000000;0,00224420
1219,00000000;0,00240019
1220,00000000;0,00233429
1221,00000000;0,00235386
1222,00000000;0,00239347
1223,00000000;0,00248255
1224,00000000;0,00259938
1225,00000000;0,00268847
1226,00000000;0,00231111
1227,00000000;0,00232811
1228,00000000;0,00219272
1229,00000000;0,00255206
1230,00000000;0,00264830
1231,00000000;0,00248770
1232,00000000;0,00226992
1233,00000000;0,00251858
1234,00000000;0,00378083
1235,00000000;0,00386218
1236,00000000;0,00239090
1237,00000000;0,00233583
1238,00000000;0,00221586
1239,00000000;0,00236929
1240,00000000;0,00233943
1241,00000000;0,00249027
1242,00000000;0,00226991
1243,00000000;0,00227147
1244,00000000;0,00224418
1245,00000000;0,00239761
1246,00000000;0,00240377
1247,00000000;0,00247482
1248,00000000;0,00249644
1249,00000000;0,00276311
1250,00000000;0,00232655
1251,00000000;0,00221743
1252,00000000;0,00232140
1253,00000000;0,00251342
1254,00000000;0,00225189
1255,00000000;0,00229465
1256,00000000;0,00260711
1257,00000000;0,00300247
1258,00000000;0,00441658
1259,00000000;0,00436152
1260,00000000;0,00243981
1261,00000000;0,00263185
1262,00000000;0,00244752
1263,00000000;0,00248769
1264,00000000;0,00263542
1265,00000000;0,00272192
1266,00000000;0,00228538
1267,00000000;0,00233841
1268,00000000;0,00225448
1269,00000000;0,00238990
1270,00000000;0,00247327
1271,00000000;0,00251342
1272,00000000;0,00256849
1273,00000000;0,00267559
1274,00000000;0,00223389
1275,00000000;0,00235128
1276,00000000;0,00238576
1277,00000000;0,00240276
1278,00000000;0,00224418
1279,00000000;0,00232038
1280,00000000;0,00221587
1281,00000000;0,00234869
1282,00000000;0,00266116
1283,00000000;0,00345808
1284,00000000;0,00358520
1285,00000000;0,00299734
1286,00000000;0,00232656
1287,00000000;0,00240532
1288,00000000;0,00247070
1289,00000000;0,00255976
1290,00000000;0,00245781
1291,00000000;0,00252889
1292,00000000;0,00242437
1293,00000000;0,00249027
1294,00000000;0,00251961
1295,00000000;0,00258036
1296,00000000;0,00222616
1297,00000000;0,00236671
1298,00000000;0,00229310
1299,00000000;0,00230752
1300,00000000;0,00232912
1301,00000000;0,00253659
1302,00000000;0,00233943
1303,00000000;0,00233069
1304,00000000;0,00233685
1305,00000000;0,00238988
1306,00000000;0,00216181
1307,00000000;0,00237701
1308,00000000;0,00260454
1309,00000000;0,00262669
1310,00000000;0,00232655
1311,00000000;0,00318009
1312,00000000;0,00327633
1313,00000000;0,00251856
1314,00000000;0,00210260
1315,00000000;0,00219426
1316,00000000;0,00225448
1317,00000000;0,00246709
1318,00000000;0,00271778
1319,00000000;0,00278886
1320,00000000;0,00251702
1321,00000000;0,00262925
1322,00000000;0,00234714
1323,00000000;0,00273994
1324,00000000;0,00269463
1325,00000000;0,00238475
1326,00000000;0,00249901
1327,00000000;0,00284803
1328,00000000;0,00270747
1329,00000000;0,00239502
1330,00000000;0,00212321
1331,00000000;0,00227921
1332,00000000;0,00252473
1333,00000000;0,00285577
1334,00000000;0,00256335
1335,00000000;0,00246967
1336,00000000;0,00255563
1337,00000000;0,00270648
1338,00000000;0,00258650
1339,00000000;0,00261639
1340,00000000;0,00258910
1341,00000000;0,00276053
1342,00000000;0,00233427
1343,00000000;0,00237703
1344,00000000;0,00303696
1345,00000000;0,00328048
1346,00000000;0,00235487
1347,00000000;0,00226117
1348,00000000;0,00240891
1349,00000000;0,00256749
1350,00000000;0,00240378
1351,00000000;0,00235128
1352,00000000;0,00215667
1353,00000000;0,00227920
1354,00000000;0,00229821
1355,00000000;0,00241818
1356,00000000;0,00218756
1357,00000000;0,00224833
1358,00000000;0,00215667
1359,00000000;0,00233840
1360,00000000;0,00229565
1361,00000000;0,00231522
1362,00000000;0,00223131
1363,00000000;0,00232552
1364,00000000;0,00245780
1365,00000000;0,00257263
1366,00000000;0,00245010
1367,00000000;0,00254947
1368,00000000;0,00243209
1369,00000000;0,00241048
1370,00000000;0,00231111
1371,00000000;0,00239246
1372,00000000;0,00229051
1373,00000000;0,00246530
1374,00000000;0,00295715
1375,00000000;0,00313633
1376,00000000;0,00254277
1377,00000000;0,00288409
1378,00000000;0,00287222
1379,00000000;0,00256491
1380,00000000;0,00219785
1381,00000000;0,00245165
1382,00000000;0,00280787
1383,00000000;0,00277340
1384,00000000;0,00212321
1385,00000000;0,00226375
1386,00000000;0,00271520
1387,00000000;0,00289952
1388,00000000;0,00247840
1389,00000000;0,00255203
1390,00000000;0,00258137
1391,00000000;0,00274764
1392,00000000;0,00272808
1393,00000000;0,00274250
1394,00000000;0,00232139
1395,00000000;0,00238215
1396,00000000;0,00234199
1397,00000000;0,00295358
1398,00000000;0,00286707
1399,00000000;0,00224831
1400,00000000;0,00216696
1401,00000000;0,00225347
1402,00000000;0,00216954
1403,00000000;0,00227921
1404,00000000;0,00247585
1405,00000000;0,00263955
1406,00000000;0,00233683
1407,00000000;0,00237186
1408,00000000;0,00234200
1409,00000000;0,00241305
1410,00000000;0,00214123
1411,00000000;0,00221487
1412,00000000;0,00236002
1413,00000000;0,00300763
1414,00000000;0,00275382
1415,00000000;0,00227407
1416,00000000;0,00212579
1417,00000000;0,00234870
1418,00000000;0,00232397
1419,00000000;0,00239245
1420,00000000;0,00238060
1421,00000000;0,00243365
1422,00000000;0,00265345
1423,00000000;0,00275022
1424,00000000;0,00226476
1425,00000000;0,00246194
1426,00000000;0,00243980
1427,00000000;0,00249027
1428,00000000;0,00336641
1429,00000000;0,00333709
1430,00000000;0,00235485
1431,00000000;0,00244392
1432,00000000;0,00210775
1433,00000000;0,00217108
1434,00000000;0,00229309
1435,00000000;0,00265758
1436,00000000;0,00271007
1437,00000000;0,00267817
1438,00000000;0,00236260
1439,00000000;0,00233841
1440,00000000;0,00231626
1441,00000000;0,00266788
1442,00000000;0,00234457
1443,00000000;0,00219682
1444,00000000;0,00231625
1445,00000000;0,00238473
1446,00000000;0,00232913
1447,00000000;0,00270391
1448,00000000;0,00260711
1449,00000000;0,00246711
1450,00000000;0,00234715
1451,00000000;0,00234098
1452,00000000;0,00212321
1453,00000000;0,00227921
1454,00000000;0,00254533
1455,00000000;0,00260866
1456,00000000;0,00238574
1457,00000000;0,00256491
1458,00000000;0,00243208
1459,00000000;0,00241049
1460,00000000;0,00219786
1461,00000000;0,00242850
1462,00000000;0,00244496
1463,00000000;0,00246196
1464,00000000;0,00226735
1465,00000000;0,00231781
1466,00000000;0,00222360
1467,00000000;0,00238475
1468,00000000;0,00330721
1469,00000000;0,00345290
1470,00000000;0,00248612
1471,00000000;0,00247481
1472,00000000;0,00234457
1473,00000000;0,00266787
1474,00000000;0,00246812
1475,00000000;0,00272450
1476,00000000;0,00274611
1477,00000000;0,00237187
1478,00000000;0,00216696
1479,00000000;0,00226118
1480,00000000;0,00223646
1481,00000000;0,00258294
1482,00000000;0,00253761
1483,00000000;0,00233326
1484,00000000;0,00242180
1485,00000000;0,00248512
1486,00000000;0,00230080
1487,00000000;0,00232296
1488,00000000;0,00217469
1489,00000000;0,00224058
1490,00000000;0,00217982
1491,00000000;0,00235899
1492,00000000;0,00252217
1493,00000000;0,00246968
1494,00000000;0,00218756
1495,00000000;0,00245939
1496,00000000;0,00256078
1497,00000000;0,00264213
1498,00000000;0,00284907
1499,00000000;0,00297161
1500,00000000;0,00258394
1501,00000000;0,00267045
1502,00000000;0,00247584
1503,00000000;0,00264985
1504,00000000;0,00255306
1505,00000000;0,00258294
1506,00000000;0,00238834
1507,00000000;0,00246712
1508,00000000;0,00234971
1509,00000000;0,00226890
1510,00000000;0,00249645
1511,00000000;0,00259067
1512,00000000;0,00219527
1513,00000000;0,00228948
1514,00000000;0,00249642
1515,00000000;0,00277083
1516,00000000;0,00245524
1517,00000000;0,00228950
1518,00000000;0,00239862
1519,00000000;0,00284546
1520,00000000;0,00281044
1521,00000000;0,00263697
1522,00000000;0,00349768
1523,00000000;0,00366141
1524,00000000;0,00229053
1525,00000000;0,00235128
1526,00000000;0,00226477
1527,00000000;0,00217367
1528,00000000;0,00210262
1529,00000000;0,00215566
1530,00000000;0,00211033
1531,00000000;0,00225603
1532,00000000;0,00214380
1533,00000000;0,00222515
1534,00000000;0,00219529
1535,00000000;0,00229465
1536,00000000;0,00251445
1537,00000000;0,00273737
1538,00000000;0,00233428
1539,00000000;0,00223287
1540,00000000;0,00205628
1541,00000000;0,00228178
1542,00000000;0,00239090
1543,00000000;0,00264727
1544,00000000;0,00339988
1545,00000000;0,00330620
1546,00000000;0,00250929
1547,00000000;0,00261380
1548,00000000;0,00214379
1549,00000000;0,00233326
1550,00000000;0,00222617
1551,00000000;0,00233069
1552,00000000;0,00247327
1553,00000000;0,00250572
1554,00000000;0,00248099
1555,00000000;0,00255719
1556,00000000;0,00222874
1557,00000000;0,00230495
1558,00000000;0,00227508
1559,00000000;0,00247225
1560,00000000;0,00302665
1561,00000000;0,00322639
1562,00000000;0,00235744
1563,00000000;0,00232039
1564,00000000;0,00218498
1565,00000000;0,00222257
1566,00000000;0,00257107
1567,00000000;0,00271676
1568,00000000;0,00221844
1569,00000000;0,00239246
1570,00000000;0,00247327
1571,00000000;0,00240274
1572,00000000;0,00228794
1573,00000000;0,00250314
1574,00000000;0,00228793
1575,00000000;0,00234354
1576,00000000;0,00228536
1577,00000000;0,00243620
1578,00000000;0,00229566
1579,00000000;0,00229980
1580,00000000;0,00232397
1581,00000000;0,00235641
1582,00000000;0,00243723
1583,00000000;0,00249027
1584,00000000;0,00226221
1585,00000000;0,00235900
1586,00000000;0,00217468
1587,00000000;0,00228692
1588,00000000;0,00313990
1589,00000000;0,00323156
1590,00000000;0,00217983
1591,00000000;0,00228692
1592,00000000;0,00228022
1593,00000000;0,00240532
1594,00000000;0,00219527
1595,00000000;0,00223543
1596,00000000;0,00223646
1597,00000000;0,00243879
1598,00000000;0,00233170
1599,00000000;0,00235386
1600,00000000;0,00254019
1601,00000000;0,00280429
1602,00000000;0,00239091
1603,00000000;0,00234614
1604,00000000;0,00246040
1605,00000000;0,00252115
1606,00000000;0,00284391
1607,00000000;0,00288665
1608,00000000;0,00228280
1609,00000000;0,00234613
1610,00000000;0,00224419
1611,00000000;0,00234613
1612,00000000;0,00223132
1613,00000000;0,00223287
1614,00000000;0,00214895
1615,00000000;0,00235128
1616,00000000;0,00230597
1617,00000000;0,00246711
1618,00000000;0,00261484
1619,00000000;0,00252630
1620,00000000;0,00214895
1621,00000000;0,00223802
1622,00000000;0,00222616
1623,00000000;0,00223802
1624,00000000;0,00210777
1625,00000000;0,00231524
1626,00000000;0,00242178
1627,00000000;0,00246967
1628,00000000;0,00222360
1629,00000000;0,00223545
1630,00000000;0,00207945
1631,00000000;0,00223801
1632,00000000;0,00239862
1633,00000000;0,00249027
1634,00000000;0,00268948
1635,00000000;0,00270390
1636,00000000;0,00235486
1637,00000000;0,00257521
1638,00000000;0,00223902
1639,00000000;0,00226632
1640,00000000;0,00222101
1641,00000000;0,00246453
1642,00000000;0,00291599
1643,00000000;0,00295100
1644,00000000;0,00246553
1645,00000000;0,00253402
1646,00000000;0,00222358
1647,00000000;0,00217367
1648,00000000;0,00221330
1649,00000000;0,00245423
1650,00000000;0,00235485
1651,00000000;0,00222257
1652,00000000;0,00242693
1653,00000000;0,00253659
1654,00000000;0,00219787
1655,00000000;0,00220457
1656,00000000;0,00225192
1657,00000000;0,00319296
1658,00000000;0,00310903
1659,00000000;0,00227406
1660,00000000;0,00222618
1661,00000000;0,00230493
1662,00000000;0,00228278
1663,00000000;0,00238988
1664,00000000;0,00225190
1665,00000000;0,00283517
1666,00000000;0,00274866
1667,00000000;0,00217366
1668,00000000;0,00211549
1669,00000000;0,00228435
1670,00000000;0,00221330
1671,00000000;0,00229978
1672,00000000;0,00238060
1673,00000000;0,00251086
1674,00000000;0,00224160
1675,00000000;0,00214792
1676,00000000;0,00223388
1677,00000000;0,00250312
1678,00000000;0,00226219
1679,00000000;0,00223029
1680,00000000;0,00234713
1681,00000000;0,00241047
1682,00000000;0,00226220
1683,00000000;0,00253146
1684,00000000;0,00250673
1685,00000000;0,00252372
1686,00000000;0,00223903
1687,00000000;0,00224573
1688,00000000;0,00245782
1689,00000000;0,00462920
1690,00000000;0,00440884
1691,00000000;0,00223028
1692,00000000;0,00215924
1693,00000000;0,00229721
1694,00000000;0,00222873
1695,00000000;0,00227147
1696,00000000;0,00234970
1697,00000000;0,00258550
1698,00000000;0,00234458
1699,00000000;0,00235642
1700,00000000;0,00247325
1701,00000000;0,00247997
1702,00000000;0,00234714
1703,00000000;0,00242334
1704,00000000;0,00240634
1705,00000000;0,00263184
1706,00000000;0,00243723
1707,00000000;0,00257520
1708,00000000;0,00255305
1709,00000000;0,00263698
1710,00000000;0,00255049
1711,00000000;0,00244652
1712,00000000;0,00228537
1713,00000000;0,00235128
1714,00000000;0,00203828
1715,00000000;0,00228693
1716,00000000;0,00243981
1717,00000000;0,00241305
1718,00000000;0,00240633
1719,00000000;0,00275537
1720,00000000;0,00410513
1721,00000000;0,00399345
1722,00000000;0,00210263
1723,00000000;0,00223031
1724,00000000;0,00249386
1725,00000000;0,00274765
1726,00000000;0,00246552
1727,00000000;0,00247481
1728,00000000;0,00229825
1729,00000000;0,00237960
1730,00000000;0,00254791
1731,00000000;0,00253145
1732,00000000;0,00225705
1733,00000000;0,00239244
1734,00000000;0,00218499
1735,00000000;0,00217882
1736,00000000;0,00212064
1737,00000000;0,00234613
1738,00000000;0,00364185
1739,00000000;0,00368717
1740,00000000;0,00205114
1741,00000000;0,00230236
1742,00000000;0,00225962
1743,00000000;0,00223802
1744,00000000;0,00227249
1745,00000000;0,00244393
1746,00000000;0,00295461
1747,00000000;0,00314406
1748,00000000;0,00259682
1749,00000000;0,00416592
1750,00000000;0,00938170
1751,00000000;0,00817869
1752,00000000;0,00212836
1753,00000000;0,00223801
1754,00000000;0,00214636
1755,00000000;0,00223801
1756,00000000;0,00239090
1757,00000000;0,00249283
1758,00000000;0,00223388
1759,00000000;0,00223546
1760,00000000;0,00225192
1761,00000000;0,00288409
1762,00000000;0,00276926
1763,00000000;0,00226375
1764,00000000;0,00251701
1765,00000000;0,00261124
1766,00000000;0,00229051
1767,00000000;0,00234613
1768,00000000;0,00234200
1769,00000000;0,00249543
1770,00000000;0,00223389
1771,00000000;0,00233839
1772,00000000;0,00225189
1773,00000000;0,00225345
1774,00000000;0,00215487
1775,00000000;0,00252116
1776,00000000;0,00263028
1777,00000000;0,00241305
1778,00000000;0,00259166
1779,00000000;0,00257263
1780,00000000;0,00201254
1781,00000000;0,00217883
1782,00000000;0,00223131
1783,00000000;0,00246451
1784,00000000;0,00226991
1785,00000000;0,00223801
1786,00000000;0,00256334
1787,00000000;0,00323414
1788,00000000;0,00276412
1789,00000000;0,00211961
1790,00000000;0,00211034
1791,00000000;0,00225861
1792,00000000;0,00247327
1793,00000000;0,00248769
1794,00000000;0,00212062
1795,00000000;0,00222000
1796,00000000;0,00232397
1797,00000000;0,00260352
1798,00000000;0,00229824
1799,00000000;0,00215565
1800,00000000;0,00214380
1801,00000000;0,00234098
1802,00000000;0,00343334
1803,00000000;0,00350441
1804,00000000;0,00211292
1805,00000000;0,00216337
1806,00000000;0,00212063
1807,00000000;0,00239502
1808,00000000;0,00269460
1809,00000000;0,00271934
1810,00000000;0,00232654
1811,00000000;0,00238473
1812,00000000;0,00228536
1813,00000000;0,00241562
1814,00000000;0,00237030
1815,00000000;0,00248769
1816,00000000;0,00228795
1817,00000000;0,00236672
1818,00000000;0,00274867
1819,00000000;0,00273223
1820,00000000;0,00217211
1821,00000000;0,00233841
1822,00000000;0,00222360
1823,00000000;0,00224831
1824,00000000;0,00236772
1825,00000000;0,00247739
1826,00000000;0,00237289
1827,00000000;0,00246195
1828,00000000;0,00217984
1829,00000000;0,00217110
1830,00000000;0,00215411
1831,00000000;0,00232041
1832,00000000;0,00227250
1833,00000000;0,00226633
1834,00000000;0,00204084
1835,00000000;0,00211705
1836,00000000;0,00208976
1837,00000000;0,00241048
1838,00000000;0,00230081
1839,00000000;0,00230751
1840,00000000;0,00225447
1841,00000000;0,00214279
1842,00000000;0,00222615
1843,00000000;0,00247995
1844,00000000;0,00223389
1845,00000000;0,00218910
1846,00000000;0,00221843
1847,00000000;0,00231780
1848,00000000;0,00220816
1849,00000000;0,00213250
1850,00000000;0,00214123
1851,00000000;0,00238474
1852,00000000;0,00248871
1853,00000000;0,00264728
1854,00000000;0,00227763
1855,00000000;0,00241304
1856,00000000;0,00232140
1857,00000000;0,00219685
1858,00000000;0,00230853
1859,00000000;0,00234611
1860,00000000;0,00207429
1861,00000000;0,00224316
1862,00000000;0,00219013
1863,00000000;0,00216338
1864,00000000;0,00206659
1865,00000000;0,00218138
1866,00000000;0,00222101
1867,00000000;0,00225604
1868,00000000;0,00236775
1869,00000000;0,00255977
1870,00000000;0,00271523
1871,00000000;0,00330107
1872,00000000;0,00270235
1873,00000000;0,00215565
1874,00000000;0,00205629
1875,00000000;0,00219427
1876,00000000;0,00239348
1877,00000000;0,00253402
1878,00000000;0,00227249
1879,00000000;0,00227919
1880,00000000;0,00208460
1881,00000000;0,00219169
1882,00000000;0,00241148
1883,00000000;0,00263440
1884,00000000;0,00219529
1885,00000000;0,00228435
1886,00000000;0,00231625
1887,00000000;0,00247226
1888,00000000;0,00253761
1889,00000000;0,00254173
1890,00000000;0,00224932
1891,00000000;0,00226117
1892,00000000;0,00223902
1893,00000000;0,00244136
1894,00000000;0,00276154
1895,00000000;0,00344520
1896,00000000;0,00300350
1897,00000000;0,00295100
1898,00000000;0,00296490
1899,00000000;0,00235644
1900,00000000;0,00217728
1901,00000000;0,00274768
1902,00000000;0,00254534
1903,00000000;0,00209903
1904,00000000;0,00222101
1905,00000000;0,00241304
1906,00000000;0,00332525
1907,00000000;0,00347093
1908,00000000;0,00248612
1909,00000000;0,00263185
1910,00000000;0,00220302
1911,00000000;0,00224575
1912,00000000;0,00209232
1913,00000000;0,00257007
1914,00000000;0,00271522
1915,00000000;0,00264728
1916,00000000;0,00266889
1917,00000000;0,00254946
1918,00000000;0,00316307
1919,00000000;0,00321870
1920,00000000;0,00234714
1921,00000000;0,00245937
1922,00000000;0,00229566
1923,00000000;0,00226891
1924,00000000;0,00222617
1925,00000000;0,00236157
1926,00000000;0,00222360
1927,00000000;0,00231009
1928,00000000;0,00233427
1929,00000000;0,00249284
1930,00000000;0,00220301
1931,00000000;0,00228178
1932,00000000;0,00219013
1933,00000000;0,00241305
1934,00000000;0,00265087
1935,00000000;0,00270391
1936,00000000;0,00277957
1937,00000000;0,00290725
1938,00000000;0,00220556
1939,00000000;0,00220198
1940,00000000;0,00208975
1941,00000000;0,00222000
1942,00000000;0,00228022
1943,00000000;0,00240276
1944,00000000;0,00214638
1945,00000000;0,00226634
1946,00000000;0,00217983
1947,00000000;0,00218140
1948,00000000;0,00229567
1949,00000000;0,00233841
1950,00000000;0,00198937
1951,00000000;0,00208358
1952,00000000;0,00218499
1953,00000000;0,00232296
1954,00000000;0,00229051
1955,00000000;0,00241562
1956,00000000;0,00220557
1957,00000000;0,00212992
1958,00000000;0,00196878
1959,00000000;0,00219169
1960,00000000;0,00216696
1961,00000000;0,00221486
1962,00000000;0,00213609
1963,00000000;0,00215051
1964,00000000;0,00230081
1965,00000000;0,00249798
1966,00000000;0,00221070
1967,00000000;0,00229979
1968,00000000;0,00224160
1969,00000000;0,00224316
1970,00000000;0,00207686
1971,00000000;0,00240017
1972,00000000;0,00247840
1973,00000000;0,00227663
1974,00000000;0,00223130
1975,00000000;0,00230750
1976,00000000;0,00240375
1977,00000000;0,00258550
1978,00000000;0,00225191
1979,00000000;0,00233326
1980,00000000;0,00229823
1981,00000000;0,00235640
1982,00000000;0,00218241
1983,00000000;0,00229980
1984,00000000;0,00231110
1985,00000000;0,00233840
1986,00000000;0,00226990
1987,00000000;0,00242076
1988,00000000;0,00222616
1989,00000000;0,00255976
1990,00000000;0,00272551
1991,00000000;0,00248770
1992,00000000;0,00238060
1993,00000000;0,00254947
1994,00000000;0,00214638
1995,00000000;0,00209645
1996,00000000;0,00208718
1997,00000000;0,00216338
1998,00000000;0,00218497
1999,00000000;0,00233582
2000,00000000;0,00217727
2001,00000000;0,00250312
2002,00000000;0,00394555
2003,00000000;0,00389565
2004,00000000;0,00223132
2005,00000000;0,00233583
2006,00000000;0,00242178
2007,00000000;0,00236157
2008,00000000;0,00204600
2009,00000000;0,00215825
2010,00000000;0,00202542
2011,00000000;0,00221229
2012,00000000;0,00241149
2013,00000000;0,00245164
2014,00000000;0,00211033
2015,00000000;0,00318782
2016,00000000;0,00324802
2017,00000000;0,00242077
2018,00000000;0,00243207
2019,00000000;0,00241304
2020,00000000;0,00222102
2021,00000000;0,00229723
2022,00000000;0,00243209
2023,00000000;0,00249028
2024,00000000;0,00233942
2025,00000000;0,00260094
2026,00000000;0,00264056
2027,00000000;0,00248512
2028,00000000;0,00200222
2029,00000000;0,00207842
2030,00000000;0,00197907
2031,00000000;0,00209645
2032,00000000;0,00218499
2033,00000000;0,00243364
2034,00000000;0,00243464
2035,00000000;0,00224316
2036,00000000;0,00196877
2037,00000000;0,00216337
2038,00000000;0,00227250
2039,00000000;0,00229207
2040,00000000;0,00200995
2041,00000000;0,00209387
2042,00000000;0,00204083
2043,00000000;0,00223029
2044,00000000;0,00232139
2045,00000000;0,00234613
2046,00000000;0,00209489
2047,00000000;0,00212734
2048,00000000;0,00227250
2049,00000000;0,00225861
2050,00000000;0,00201252
2051,00000000;0,00216079
2052,00000000;0,00204340
2053,00000000;0,00209387
2054,00000000;0,00203826
2055,00000000;0,00210416
2056,00000000;0,00199450
2057,00000000;0,00213505
2058,00000000;0,00216439
2059,00000000;0,00228951
2060,00000000;0,00249386
2061,00000000;0,00241819
2062,00000000;0,00217726
2063,00000000;0,00288150
2064,00000000;0,00287995
2065,00000000;0,00224060
2066,00000000;0,00213350
2067,00000000;0,00245423
2068,00000000;0,00370619
2069,00000000;0,00376952
2070,00000000;0,00226478
2071,00000000;0,00232555
2072,00000000;0,00206658
2073,00000000;0,00218909
2074,00000000;0,00249127
2075,00000000;0,00258807
2076,00000000;0,00208204
2077,00000000;0,00218913
2078,00000000;0,00218499
2079,00000000;0,00229722
2080,00000000;0,00272809
2081,00000000;0,00267817
2082,00000000;0,00234458
2083,00000000;0,00269876
2084,00000000;0,00265086
2085,00000000;0,00253144
2086,00000000;0,00220557
2087,00000000;0,00224831
2088,00000000;0,00204342
2089,00000000;0,00221228
2090,00000000;0,00230596
2091,00000000;0,00224318
2092,00000000;0,00198937
2093,00000000;0,00216082
2094,00000000;0,00240119
2095,00000000;0,00246452
2096,00000000;0,00201510
2097,00000000;0,00213763
2098,00000000;0,00219271
2099,00000000;0,00230752
2100,00000000;0,00231369
2101,00000000;0,00234356
2102,00000000;0,00215151
2103,00000000;0,00220713
2104,00000000;0,00210003
2105,00000000;0,00218653
2106,00000000;0,00214637
2107,00000000;0,00230496
2108,00000000;0,00214381
2109,00000000;0,00218654
2110,00000000;0,00221071
2111,00000000;0,00223802
2112,00000000;0,00216955
2113,00000000;0,00225862
2114,00000000;0,00204085
2115,00000000;0,00278370
2116,00000000;0,00892095
2117,00000000;0,00898947
2118,00000000;0,00240376
2119,00000000;0,00243107
2120,00000000;0,00201254
2121,00000000;0,00214021
2122,00000000;0,00211292
2123,00000000;0,00214021
2124,00000000;0,00215923
2125,00000000;0,00222773
2126,00000000;0,00208202
2127,00000000;0,00215308
2128,00000000;0,00205114
2129,00000000;0,00212477
2130,00000000;0,00203313
2131,00000000;0,00219942
2132,00000000;0,00228537
2133,00000000;0,00240276
2134,00000000;0,00221073
2135,00000000;0,00220713
2136,00000000;0,00199966
2137,00000000;0,00215564
2138,00000000;0,00217467
2139,00000000;0,00220455
2140,00000000;0,00227507
2141,00000000;0,00247739
2142,00000000;0,00236258
2143,00000000;0,00220454
2144,00000000;0,00212577
2145,00000000;0,00220455
2146,00000000;0,00199449
2147,00000000;0,00208872
2148,00000000;0,00239088
2149,00000000;0,00236670
2150,00000000;0,00194045
2151,00000000;0,00210674
2152,00000000;0,00204599
2153,00000000;0,00213506
2154,00000000;0,00198935
2155,00000000;0,00205783
2156,00000000;0,00199707
2157,00000000;0,00214793
2158,00000000;0,00246040
2159,00000000;0,00246454
2160,00000000;0,00223389
2161,00000000;0,00279656
2162,00000000;0,00253761
2163,00000000;0,00219168
2164,00000000;0,00228022
2165,00000000;0,00238216
2166,00000000;0,00223903
2167,00000000;0,00219941
2168,00000000;0,00200996
2169,00000000;0,00226632
2170,00000000;0,00248871
2171,00000000;0,00244909
2172,00000000;0,00208716
2173,00000000;0,00214535
2174,00000000;0,00219014
2175,00000000;0,00216596
2176,00000000;0,00215667
2177,00000000;0,00234613
2178,00000000;0,00211548
2179,00000000;0,00207328
2180,00000000;0,00217469
2181,00000000;0,00228179
2182,00000000;0,00196620
2183,00000000;0,00200380
2184,00000000;0,00200223
2185,00000000;0,00222772
2186,00000000;0,00217983
2187,00000000;0,00214020
2188,00000000;0,00241662
2189,00000000;0,00270648
2190,00000000;0,00226993
2191,00000000;0,00212992
2192,00000000;0,00197650
2193,00000000;0,00217368
2194,00000000;0,00216955
2195,00000000;0,00209903
2196,00000000;0,00196620
2197,00000000;0,00214537
2198,00000000;0,00217727
2199,00000000;0,00236929
2200,00000000;0,00214123
2201,00000000;0,00217624
2202,00000000;0,00226735
2203,00000000;0,00225862
2204,00000000;0,00196105
2205,00000000;0,00204240
2206,00000000;0,00216699
2207,00000000;0,00231783
2208,00000000;0,00206401
2209,00000000;0,00209646
2210,00000000;0,00205628
2211,00000000;0,00215822
2212,00000000;0,00208718
2213,00000000;0,00208102
2214,00000000;0,00213865
2215,00000000;0,00219942
2216,00000000;0,00204600
2217,00000000;0,00218140
2218,00000000;0,00205114
2219,00000000;0,00197548
2220,00000000;0,00189156
2221,00000000;0,00208615
2222,00000000;0,00210262
2223,00000000;0,00214794
2224,00000000;0,00205629
2225,00000000;0,00248511
2226,00000000;0,00237031
2227,00000000;0,00206300
2228,00000000;0,00205371
2229,00000000;0,00211189
2230,00000000;0,00202025
2231,00000000;0,00228435
2232,00000000;0,00223646
2233,00000000;0,00214279
2234,00000000;0,00223389
2235,00000000;0,00230751
2236,00000000;0,00222101
2237,00000000;0,00300764
2238,00000000;0,00346167
2239,00000000;0,00277598
2240,00000000;0,00208717
2241,00000000;0,00217625
2242,00000000;0,00200996
2243,00000000;0,00202695
2244,00000000;0,00195076
2245,00000000;0,00224575
2246,00000000;0,00239090
2247,00000000;0,00228434
2248,00000000;0,00217210
2249,00000000;0,00221999
2250,00000000;0,00191985
2251,00000000;0,00221742
2252,00000000;0,00235486
2253,00000000;0,00250314
2254,00000000;0,00255563
2255,00000000;0,00253145
2256,00000000;0,00212836
2257,00000000;0,00212735
2258,00000000;0,00241407
2259,00000000;0,00243776
2260,00000000;0,00213093
2261,00000000;0,00231781
2262,00000000;0,00207173
2263,00000000;0,00205528
2264,00000000;0,00220814
2265,00000000;0,00231524
2266,00000000;0,00200481
2267,00000000;0,00241563
2268,00000000;0,00282589
2269,00000000;0,00271934
2270,00000000;0,00339730
2271,00000000;0,00343491
2272,00000000;0,00222874
2273,00000000;0,00239245
2274,00000000;0,00207688
2275,00000000;0,00212221
2276,00000000;0,00213867
2277,00000000;0,00216596
2278,00000000;0,00209747
2279,00000000;0,00228950
2280,00000000;0,00233428
2281,00000000;0,00285577
2282,00000000;0,00252988
2283,00000000;0,00202952
2284,00000000;0,00201768
2285,00000000;0,00211706
2286,00000000;0,00202543
2287,00000000;0,00213251
2288,00000000;0,00217726
2289,00000000;0,00229465
2290,00000000;0,00260197
2291,00000000;0,00260095
2292,00000000;0,00216182
2293,00000000;0,00282745
2294,00000000;0,00290311
2295,00000000;0,00267043
2296,00000000;0,00257622
2297,00000000;0,00235385
2298,00000000;0,00243981
2299,00000000;0,00264728
2300,00000000;0,00220042
2301,00000000;0,00221742
2302,00000000;0,00216954
2303,00000000;0,00220197
2304,00000000;0,00193787
2305,00000000;0,00208357
2306,00000000;0,00218241
2307,00000000;0,00236931
2308,00000000;0,00239348
2309,00000000;0,00265243
2310,00000000;0,00241149
2311,00000000;0,00219685
2312,00000000;0,00215153
2313,00000000;0,00225347
2314,00000000;0,00254276
2315,00000000;0,00324958
2316,00000000;0,00292886
2317,00000000;0,00212477
2318,00000000;0,00185294
2319,00000000;0,00203467
2320,00000000;0,00197907
2321,00000000;0,00203212
2322,00000000;0,00205373
2323,00000000;0,00230754
2324,00000000;0,00217727
2325,00000000;0,00208615
2326,00000000;0,00198165
2327,00000000;0,00198064
2328,00000000;0,00193531
2329,00000000;0,00210674
2330,00000000;0,00258137
2331,00000000;0,00267045
2332,00000000;0,00215153
2333,00000000;0,00218911
2334,00000000;0,00204599
2335,00000000;0,00211963
2336,00000000;0,00205115
2337,00000000;0,00217111
2338,00000000;0,00209491
2339,00000000;0,00338601
2340,00000000;0,00340247
2341,00000000;0,00217883
2342,00000000;0,00207173
2343,00000000;0,00214536
2344,00000000;0,00205373
2345,00000000;0,00215052
2346,00000000;0,00207689
2347,00000000;0,00233325
2348,00000000;0,00208717
2349,00000000;0,00207328
2350,00000000;0,00200995
2351,00000000;0,00208357
2352,00000000;0,00206143
2353,00000000;0,00203209
2354,00000000;0,00202539
2355,00000000;0,00216080
2356,00000000;0,00208716
2357,00000000;0,00209387
2358,00000000;0,00227765
2359,00000000;0,00240277
2360,00000000;0,00212837
2361,00000000;0,00216337
2362,00000000;0,00215667
2363,00000000;0,00225862
2364,00000000;0,00248614
2365,00000000;0,00267560
2366,00000000;0,00226221
2367,00000000;0,00230495
2368,00000000;0,00203569
2369,00000000;0,00215050
2370,00000000;0,00230339
2371,00000000;0,00231781
2372,00000000;0,00190699
2373,00000000;0,00213248
2374,00000000;0,00199966
2375,00000000;0,00211963
2376,00000000;0,00207687
2377,00000000;0,00205013
2378,00000000;0,00193532
2379,00000000;0,00216337
2380,00000000;0,00217467
2381,00000000;0,00212219
2382,00000000;0,00199451
2383,00000000;0,00209903
2384,00000000;0,00222360
2385,00000000;0,00247225
2386,00000000;0,00337930
2387,00000000;0,00329850
2388,00000000;0,00224419
2389,00000000;0,00235127
2390,00000000;0,00205113
2391,00000000;0,00219683
2392,00000000;0,00257363
2393,00000000;0,00267558
2394,00000000;0,00195333
2395,00000000;0,00197033
2396,00000000;0,00211034
2397,00000000;0,00235127
2398,00000000;0,00239348
2399,00000000;0,00237958
2400,00000000;0,00201510
2401,00000000;0,00262154
2402,00000000;0,00254275
2403,00000000;0,00201409
2404,00000000;0,00191986
2405,00000000;0,00194199
2406,00000000;0,00187353
2407,00000000;0,00203726
2408,00000000;0,00230852
2409,00000000;0,00240530
2410,00000000;0,00196104
2411,00000000;0,00209388
2412,00000000;0,00217210
2413,00000000;0,00297674
2414,00000000;0,00287995
2415,00000000;0,00214793
2416,00000000;0,00206658
2417,00000000;0,00230495
2418,00000000;0,00216955
2419,00000000;0,00219684
2420,00000000;0,00213608
2421,00000000;0,00224059
2422,00000000;0,00222873
2423,00000000;0,00233839
2424,00000000;0,00223647
2425,00000000;0,00208360
2426,00000000;0,00211033
2427,00000000;0,00216852
2428,00000000;0,00223647
2429,00000000;0,00245681
2430,00000000;0,00204598
2431,00000000;0,00210160
2432,00000000;0,00202798
2433,00000000;0,00220455
2434,00000000;0,00251700
2435,00000000;0,00246582
2436,00000000;0,00211626
2437,00000000;0,00228949
2438,00000000;0,00210003
2439,00000000;0,00190340
2440,00000000;0,00198422
2441,00000000;0,00247740
2442,00000000;0,00397387
2443,00000000;0,00397544
2444,00000000;0,00219271
2445,00000000;0,00229723
2446,00000000;0,00219270
2447,00000000;0,00213247
2448,00000000;0,00193274
2449,00000000;0,00207587
2450,00000000;0,00232141
2451,00000000;0,00249284
2452,00000000;0,00244237
2453,00000000;0,00275538
2454,00000000;0,00249900
2455,00000000;0,00240018
2456,00000000;0,00214638
2457,00000000;0,00216339
2458,00000000;0,00198166
2459,00000000;0,00211448
2460,00000000;0,00208461
2461,00000000;0,00215052
2462,00000000;0,00208719
2463,00000000;0,00204241
2464,00000000;0,00201767
2465,00000000;0,00219684
2466,00000000;0,00225706
2467,00000000;0,00234871
2468,00000000;0,00244753
2469,00000000;0,00263442
2470,00000000;0,00210777
2471,00000000;0,00207329
2472,00000000;0,00200996
2473,00000000;0,00204496
2474,00000000;0,00214635
2475,00000000;0,00226631
2476,00000000;0,00260709
2477,00000000;0,00256748
2478,00000000;0,00189155
2479,00000000;0,00204754
2480,00000000;0,00212321
2481,00000000;0,00232554
2482,00000000;0,00227765
2483,00000000;0,00212476
2484,00000000;0,00199967
2485,00000000;0,00223288
2486,00000000;0,00220812
2487,00000000;0,00213761
2488,00000000;0,00197649
2489,00000000;0,00194716
2490,00000000;0,00187612
2491,00000000;0,00259323
2492,00000000;0,00271264
2493,00000000;0,00217624
2494,00000000;0,00206657
2495,00000000;0,00219425
2496,00000000;0,00217468
2497,00000000;0,00229722
2498,00000000;0,00190443
2499,00000000;0,00193172
2500,00000000;0,00196103
2501,00000000;0,00208871
2502,00000000;0,00199708
2503,00000000;0,00239760
2504,00000000;0,00231883
2505,00000000;0,00209646
2506,00000000;0,00233684
2507,00000000;0,00236156
2508,00000000;0,00237546
2509,00000000;0,00248770
2510,00000000;0,00217212
2511,00000000;0,00238216
2512,00000000;0,00216439
2513,00000000;0,00215823
2514,00000000;0,00224933
2515,00000000;0,00232039
2516,00000000;0,00225448
2517,00000000;0,00233582
2518,00000000;0,00216954
2519,00000000;0,00364339
2520,00000000;0,00348480
2521,00000000;0,00209388
2522,00000000;0,00200996
2523,00000000;0,00207844
2524,00000000;0,00228793
2525,00000000;0,00241819
2526,00000000;0,00239347
2527,00000000;0,00239760
2528,00000000;0,00214122
2529,00000000;0,00240275
2530,00000000;0,00223130
2531,00000000;0,00220197
2532,00000000;0,00196362
2533,00000000;0,00202439
2534,00000000;0,00193274
2535,00000000;0,00241820
2536,00000000;0,00257107
2537,00000000;0,00226631
2538,00000000;0,00204083
2539,00000000;0,00236929
2540,00000000;0,00232911
2541,00000000;0,00216594
2542,00000000;0,00214122
2543,00000000;0,00209131
2544,00000000;0,00201255
2545,00000000;0,00211447
2546,00000000;0,00237545
2547,00000000;0,00260351
2548,00000000;0,00227507
2549,00000000;0,00232556
2550,00000000;0,00206144
2551,00000000;0,00213508
2552,00000000;0,00225449
2553,00000000;0,00238731
2554,00000000;0,00205371
2555,00000000;0,00209388
2556,00000000;0,00191730
2557,00000000;0,00207586
2558,00000000;0,00202281
2559,00000000;0,00208358
2560,00000000;0,00221072
2561,00000000;0,00252629
2562,00000000;0,00224675
2563,00000000;0,00218138
2564,00000000;0,00226219
2565,00000000;0,00220714
2566,00000000;0,00201510
2567,00000000;0,00206300
2568,00000000;0,00232655
2569,00000000;0,00246710
2570,00000000;0,00216696
2571,00000000;0,00222000
2572,00000000;0,00204342
2573,00000000;0,00225604
2574,00000000;0,00233170
2575,00000000;0,00255204
2576,00000000;0,00243979
2577,00000000;0,00219943
2578,00000000;0,00189931
2579,00000000;0,00195747
2580,00000000;0,00214637
2581,00000000;0,00228948
2582,00000000;0,00207431
2583,00000000;0,00218654
2584,00000000;0,00212063
2585,00000000;0,00234099
2586,00000000;0,00224934
2587,00000000;0,00222517
2588,00000000;0,00202542
2589,00000000;0,00207586
2590,00000000;0,00197648
2591,00000000;0,00209903
2592,00000000;0,00204085
2593,00000000;0,00203982
2594,00000000;0,00207172
2595,00000000;0,00211447
2596,00000000;0,00190442
2597,00000000;0,00236415
2598,00000000;0,00245267
2599,00000000;0,00207843
2600,00000000;0,00181434
2601,00000000;0,00201152
2602,00000000;0,00221588
2603,00000000;0,00228951
2604,00000000;0,00198678
2605,00000000;0,00203467
2606,00000000;0,00204855
2607,00000000;0,00213505
2608,00000000;0,00203569
2609,00000000;0,00219169
2610,00000000;0,00217469
2611,00000000;0,00216338
2612,00000000;0,00189155
2613,00000000;0,00194972
2614,00000000;0,00189412
2615,00000000;0,00209644
2616,00000000;0,00223646
2617,00000000;0,00230237
2618,00000000;0,00206399
2619,00000000;0,00200894
2620,00000000;0,00193274
2621,00000000;0,00220455
2622,00000000;0,00226735
2623,00000000;0,00257006
2624,00000000;0,00308586
2625,00000000;0,00709762
2626,00000000;0,00685409
2627,00000000;0,00223545
2628,00000000;0,00198164
2629,00000000;0,00200636
2630,00000000;0,00210519
2631,00000000;0,00214535
2632,00000000;0,00191986
2633,00000000;0,00195489
2634,00000000;0,00215153
2635,00000000;0,00217111
2636,00000000;0,00189414
2637,00000000;0,00202439
2638,00000000;0,00202283
2639,00000000;0,00211447
2640,00000000;0,00198936
2641,00000000;0,00204239
2642,00000000;0,00189412
2643,00000000;0,00213249
2644,00000000;0,00207945
2645,00000000;0,00200895
2646,00000000;0,00198680
2647,00000000;0,00214023
2648,00000000;0,00233686
2649,00000000;0,00231009
2650,00000000;0,00219785
2651,00000000;0,00239503
2652,00000000;0,00246555
2653,00000000;0,00263956
2654,00000000;0,00216696
2655,00000000;0,00218140
2656,00000000;0,00231883
2657,00000000;0,00247224
2658,00000000;0,00220300
2659,00000000;0,00218654
2660,00000000;0,00179375
2661,00000000;0,00194974
2662,00000000;0,00221588
2663,00000000;0,00229466
2664,00000000;0,00202798
2665,00000000;0,00225605
2666,00000000;0,00213094
2667,00000000;0,00261381
2668,00000000;0,00274611
2669,00000000;0,00222772
2670,00000000;0,00220558
2671,00000000;0,00223030
2672,00000000;0,00187739
2673,00000000;0,00194716
2674,00000000;0,00198421
2675,00000000;0,00239247
2676,00000000;0,00221073
2677,00000000;0,00216339
2678,00000000;0,00207432
2679,00000000;0,00198578
2680,00000000;0,00190184
2681,00000000;0,00200379
2682,00000000;0,00192346
2683,00000000;0,00190598
2684,00000000;0,00207430
2685,00000000;0,00216852
2686,00000000;0,00199967
2687,00000000;0,00211191
2688,00000000;0,00196877
2689,00000000;0,00205013
2690,00000000;0,00190957
2691,00000000;0,00196775
2692,00000000;0,00191215
2693,00000000;0,00195231
2694,00000000;0,00211033
2695,00000000;0,00221485
2696,00000000;0,00195333
2697,00000000;0,00205526
2698,00000000;0,00196878
2699,00000000;0,00203209
2700,00000000;0,00193016
2701,00000000;0,00209130
2702,00000000;0,00203312
2703,00000000;0,00198320
2704,00000000;0,00202797
2705,00000000;0,00203210
2706,00000000;0,00180404
2707,00000000;0,00198062
2708,00000000;0,00254275
2709,00000000;0,00263698
2710,00000000;0,00201769
2711,00000000;0,00215052
2712,00000000;0,00250929
2713,00000000;0,00260094
2714,00000000;0,00204342
2715,00000000;0,00209130
2716,00000000;0,00190441
2717,00000000;0,00209645
2718,00000000;0,00204601
2719,00000000;0,00201410
2720,00000000;0,00207429
2721,00000000;0,00206042
2722,00000000;0,00181175
2723,00000000;0,00219426
2724,00000000;0,00237545
2725,00000000;0,00220713
2726,00000000;0,00188384
2727,00000000;0,00200637
2728,00000000;0,00200738
2729,00000000;0,00212991
2730,00000000;0,00217211
2731,00000000;0,00226118
2732,00000000;0,00212320
2733,00000000;0,00214022
2734,00000000;0,00230596
2735,00000000;0,00250056
2736,00000000;0,00205629
2737,00000000;0,00206557
2738,00000000;0,00191730
2739,00000000;0,00194459
2740,00000000;0,00185551
2741,00000000;0,00199092
2742,00000000;0,00223647
2743,00000000;0,00230238
2744,00000000;0,00202541
2745,00000000;0,00205528
2746,00000000;0,00171139
2747,00000000;0,00191886
2748,00000000;0,00208203
2749,00000000;0,00209647
2750,00000000;0,00202799
2751,00000000;0,00206301
2752,00000000;0,00251702
2753,00000000;0,00291237
2754,00000000;0,00204341
2755,00000000;0,00182620
2756,00000000;0,00207945
2757,00000000;0,00228694
2758,00000000;0,00197651
2759,00000000;0,00197033
2760,00000000;0,00187097
2761,00000000;0,00193173
2762,00000000;0,00206144
2763,00000000;0,00222516
2764,00000000;0,00213351
2765,00000000;0,00219942
2766,00000000;0,00205631
2767,00000000;0,00203984
2768,00000000;0,00195591
2769,00000000;0,00212990
2770,00000000;0,00196336
2771,00000000;0,00195822
2772,00000000;0,00204854
2773,00000000;0,00226889
2774,00000000;0,00220556
2775,00000000;0,00221999
2776,00000000;0,00236516
2777,00000000;0,00242593
2778,00000000;0,00249128
2779,00000000;0,00246710
2780,00000000;0,00185038
2781,00000000;0,00198835
2782,00000000;0,00190699
2783,00000000;0,00206042
2784,00000000;0,00208975
2785,00000000;0,00199864
2786,00000000;0,00188126
2787,00000000;0,00226634
2788,00000000;0,00321199
2789,00000000;0,00319039
2790,00000000;0,00197394
2791,00000000;0,00198836
2792,00000000;0,00192245
2793,00000000;0,00301535
2794,00000000;0,00301379
2795,00000000;0,00192657
2796,00000000;0,00185293
2797,00000000;0,00194458
2798,00000000;0,00180919
2799,00000000;0,00191627
2800,00000000;0,00203568
2801,00000000;0,00215307
2802,00000000;0,00190699
2803,00000000;0,00198062
2804,00000000;0,00208202
2805,00000000;0,00214278
2806,00000000;0,00213093
2807,00000000;0,00217625
2808,00000000;0,00209747
2809,00000000;0,00212734
2810,00000000;0,00191987
2811,00000000;0,00194460
2812,00000000;0,00209233
2813,00000000;0,00226891
2814,00000000;0,00220299
2815,00000000;0,00220713
2816,00000000;0,00198938
2817,00000000;0,00201409
2818,00000000;0,00176284
2819,00000000;0,00190339
2820,00000000;0,00191729
2821,00000000;0,00206299
2822,00000000;0,00194046
2823,00000000;0,00181331
2824,00000000;0,00172167
2825,00000000;0,00193685
2826,00000000;0,00194303
2827,00000000;0,00210932
2828,00000000;0,00199965
2829,00000000;0,00203725
2830,00000000;0,00193790
2831,00000000;0,00206557
2832,00000000;0,00247841
2833,00000000;0,00246969
2834,00000000;0,00184009
2835,00000000;0,00221486
2836,00000000;0,00245267
2837,00000000;0,00222001
2838,00000000;0,00192759
2839,00000000;0,00202697
2840,00000000;0,00226478
2841,00000000;0,00247739
2842,00000000;0,00204855
2843,00000000;0,00194458
2844,00000000;0,00190700
2845,00000000;0,00223802
2846,00000000;0,00230081
2847,00000000;0,00207072
2848,00000000;0,00201769
2849,00000000;0,00232554
2850,00000000;0,00218755
2851,00000000;0,00303338
2852,00000000;0,00296489
2853,00000000;0,00206814
2854,00000000;0,00212065
2855,00000000;0,00227408
2856,00000000;0,00297777
2857,00000000;0,00314919
2858,00000000;0,00209491
2859,00000000;0,00196776
2860,00000000;0,00189156
2861,00000000;0,00199864
2862,00000000;0,00198937
2863,00000000;0,00212477
2864,00000000;0,00197649
2865,00000000;0,00241819
2866,00000000;0,00240376
2867,00000000;0,00205089
2868,00000000;0,00188641
2869,00000000;0,00185965
2870,00000000;0,00202025
2871,00000000;0,00216595
2872,00000000;0,00201767
2873,00000000;0,00208101
2874,00000000;0,00196621
2875,00000000;0,00201667
2876,00000000;0,00240119
2877,00000000;0,00252888
2878,00000000;0,00209490
2879,00000000;0,00232038
2880,00000000;0,00327632
2881,00000000;0,00331650
2882,00000000;0,00197649
2883,00000000;0,00213764
2884,00000000;0,00242177
2885,00000000;0,00250313
2886,00000000;0,00209232
2887,00000000;0,00210674
2888,00000000;0,00235485
2889,00000000;0,00244136
2890,00000000;0,00187611
2891,00000000;0,00195232
2892,00000000;0,00201511
2893,00000000;0,00213506
2894,00000000;0,00267660
2895,00000000;0,00275537
2896,00000000;0,00208717
2897,00000000;0,00237186
2898,00000000;0,00216000
2899,00000000;0,00183391
2900,00000000;0,00186839
2901,00000000;0,00206299
2902,00000000;0,00221844
2903,00000000;0,00218911
2904,00000000;0,00200223
2905,00000000;0,00213506
2906,00000000;0,00185037
2907,00000000;0,00198835
2908,00000000;0,00205115
2909,00000000;0,00210161
2910,00000000;0,00221845
2911,00000000;0,00219684
2912,00000000;0,00182464
2913,00000000;0,00175669
2914,00000000;0,00163159
2915,00000000;0,00181848
2916,00000000;0,00212064
2917,00000000;0,00218912
2918,00000000;0,00200996
2919,00000000;0,00303081
2920,00000000;0,00296746
2921,00000000;0,00205785
2922,00000000;0,00190699
2923,00000000;0,00221227
2924,00000000;0,00213608
2925,00000000;0,00191886
2926,00000000;0,00202541
2927,00000000;0,00208873
2928,00000000;0,00206400
2929,00000000;0,00237958
2930,00000000;0,00213222
2931,00000000;0,00208101
2932,00000000;0,00194561
2933,00000000;0,00203469
2934,00000000;0,00245783
2935,00000000;0,00238218
2936,00000000;0,00176286
2937,00000000;0,00208411
2938,00000000;0,00206401
2939,00000000;0,00205270
2940,00000000;0,00195076
2941,00000000;0,00205013
2942,00000000;0,00216954
2943,00000000;0,00228434
2944,00000000;0,00229567
2945,00000000;0,00217625
2946,00000000;0,00178603
2947,00000000;0,00184936
2948,00000000;0,00179606
2949,00000000;0,00185631
2950,00000000;0,00196956
2951,00000000;0,00200122
2952,00000000;0,00180406
2953,00000000;0,00197034
2954,00000000;0,00220557
2955,00000000;0,00231010
2956,00000000;0,00181693
2957,00000000;0,00186224
2958,00000000;0,00188127
2959,00000000;0,00194202
2960,00000000;0,00182978
2961,00000000;0,00209130
2962,00000000;0,00224496
2963,00000000;0,00222773
2964,00000000;0,00195591
2965,00000000;0,00201408
2966,00000000;0,00226221
2967,00000000;0,00235386
2968,00000000;0,00198678
2969,00000000;0,00203466
2970,00000000;0,00183236
2971,00000000;0,00182052
2972,00000000;0,00174329
2973,00000000;0,00189311
2974,00000000;0,00186324
2975,00000000;0,00184163
2976,00000000;0,00195076
2977,00000000;0,00214536
2978,00000000;0,00209232
2979,00000000;0,00214535
2980,00000000;0,00180507
2981,00000000;0,00194331
2982,00000000;0,00190701
2983,00000000;0,00185710
2984,00000000;0,00188127
2985,00000000;0,00200894
2986,00000000;0,00217467
2987,00000000;0,00235127
2988,00000000;0,00226219
2989,00000000;0,00232811
2990,00000000;0,00237802
2991,00000000;0,00261125
2992,00000000;0,00246813
2993,00000000;0,00244394
2994,00000000;0,00198163
2995,00000000;0,00214278
2996,00000000;0,00206659
2997,00000000;0,00202954
2998,00000000;0,00189415
2999,00000000;0,00193687
3000,00000000;0,00202540
